paire,100,500,1000,2000,5000,20531
BRCA-COAD,1.5799837081013075,1.409432413027706,1.3202627142112178,1.3266990007647954,1.3727705589378778,1.2968460606188141
BRCA-KIRC,1.462433206036168,1.399309389309263,1.3462983089583793,1.3416243125963911,1.268755844091676,1.224524120463559
BRCA-LUAD,2.3167971487117227,1.5661861902941914,1.5736404734155753,1.5859595284787147,1.506844428486683,1.5402502815281163
BRCA-PRAD,1.7251031404310453,1.405021192723255,1.4613092344797627,1.4845726160118384,1.4618584325166781,1.3955277134572017
COAD-KIRC,1.1676399615399704,1.2745014203479477,1.1730560730817248,1.18099303947538,1.1679217039091119,1.1787644748123114
COAD-LUAD,1.9942571136775251,1.398793247962701,1.3985438219335693,1.472102572200938,1.4219950154858925,1.4188265653780758
COAD-PRAD,1.3023115002128254,1.0954963353493326,1.1511918141840947,1.1354169990023477,1.1450164907130376,1.1327349742729789
KIRC-LUAD,1.5578785872558143,1.3738810987050905,1.341613044546362,1.3497901936519852,1.281978176715096,1.3210436966091181
KIRC-PRAD,1.2352582620126684,1.1817726790575056,1.1541026995531638,1.1728916165973697,1.1060787562679995,1.1243409836776892
LUAD-PRAD,2.113308162322036,1.3229966700334754,1.4048825054024454,1.3683999414790573,1.3388458486406971,1.3315393621119949
